-- MySQL dump 10.13  Distrib 8.0.43, for Win64 (x86_64)
--
-- Host: 127.0.0.1    Database: sistema_cochera
-- ------------------------------------------------------
-- Server version	9.4.0

/*!40101 SET @OLD_CHARACTER_SET_CLIENT=@@CHARACTER_SET_CLIENT */;
/*!40101 SET @OLD_CHARACTER_SET_RESULTS=@@CHARACTER_SET_RESULTS */;
/*!40101 SET @OLD_COLLATION_CONNECTION=@@COLLATION_CONNECTION */;
/*!50503 SET NAMES utf8 */;
/*!40103 SET @OLD_TIME_ZONE=@@TIME_ZONE */;
/*!40103 SET TIME_ZONE='+00:00' */;
/*!40014 SET @OLD_UNIQUE_CHECKS=@@UNIQUE_CHECKS, UNIQUE_CHECKS=0 */;
/*!40014 SET @OLD_FOREIGN_KEY_CHECKS=@@FOREIGN_KEY_CHECKS, FOREIGN_KEY_CHECKS=0 */;
/*!40101 SET @OLD_SQL_MODE=@@SQL_MODE, SQL_MODE='NO_AUTO_VALUE_ON_ZERO' */;
/*!40111 SET @OLD_SQL_NOTES=@@SQL_NOTES, SQL_NOTES=0 */;

--
-- Table structure for table `alquiler`
--

DROP TABLE IF EXISTS `alquiler`;
/*!40101 SET @saved_cs_client     = @@character_set_client */;
/*!50503 SET character_set_client = utf8mb4 */;
CREATE TABLE `alquiler` (
  `id_alquiler` int NOT NULL AUTO_INCREMENT,
  `id_espacio` int NOT NULL,
  `codigo` varchar(10) NOT NULL,
  `estado` char(1) DEFAULT NULL,
  `fecha_ingreso` datetime NOT NULL,
  `fecha_salida` datetime DEFAULT NULL,
  `hora_ingreso` datetime NOT NULL,
  `hora_salida` datetime DEFAULT NULL,
  `placa` varchar(20) NOT NULL,
  `id_usuario` int DEFAULT NULL,
  PRIMARY KEY (`id_alquiler`),
  KEY `fk_alquiler_espacio` (`id_espacio`),
  CONSTRAINT `fk_alquiler_espacio` FOREIGN KEY (`id_espacio`) REFERENCES `espacios` (`id_espacio`) ON DELETE RESTRICT ON UPDATE CASCADE
) ENGINE=InnoDB AUTO_INCREMENT=115 DEFAULT CHARSET=utf8mb4 COLLATE=utf8mb4_0900_ai_ci;
/*!40101 SET character_set_client = @saved_cs_client */;

--
-- Dumping data for table `alquiler`
--

LOCK TABLES `alquiler` WRITE;
/*!40000 ALTER TABLE `alquiler` DISABLE KEYS */;
INSERT INTO `alquiler` VALUES (1,1,'E7B2','F','2025-10-29 02:26:05','2025-10-29 02:26:12','2025-10-29 02:26:05','2025-10-29 02:26:12','P25C1',NULL),(2,1,'D237','F','2025-10-29 00:00:00','2025-10-29 00:00:00','2025-10-29 13:01:12','2025-10-29 13:01:34','P25C5',NULL),(3,1,'WFVU','F','2025-10-29 00:00:00','2025-10-29 00:00:00','2025-10-29 18:37:59','2025-10-29 18:39:36','DPO-25S',NULL),(4,1,'HY29','F','2025-10-29 00:00:00','2025-10-29 00:00:00','2025-10-29 18:45:01','2025-10-29 18:45:23','PED-579',NULL),(5,1,'C3A5','F','2025-10-29 00:00:00','2025-10-29 00:00:00','2025-10-29 18:46:52','2025-10-29 18:47:46','AER-147',NULL),(6,1,'541Z','F','2025-10-29 00:00:00','2025-10-29 00:00:00','2025-10-29 18:50:45','2025-10-29 18:53:04','OER-799',NULL),(7,1,'2S57','F','2025-10-29 00:00:00','2025-10-29 00:00:00','2025-10-29 18:53:45','2025-10-29 18:54:19','ABC-123',NULL),(8,1,'EN0G','F','2025-10-29 00:00:00','2025-10-29 00:00:00','2025-10-29 18:58:40','2025-10-29 18:59:01','AEC-145',NULL),(9,1,'Q8XU','F','2025-10-29 00:00:00','2025-10-29 00:00:00','2025-10-29 19:02:45','2025-10-29 19:08:37','AWE-123',NULL),(10,1,'KRU9','F','2025-10-29 00:00:00','2025-10-29 00:00:00','2025-10-29 19:09:15','2025-10-29 19:09:21','AER-987',NULL),(11,1,'AUTE','F','2025-11-05 00:00:00','2025-11-05 00:00:00','2025-11-05 23:12:00','2025-11-05 23:12:06','SRG-598',NULL),(12,1,'WB7U','F','2025-11-06 00:00:00','2025-11-06 00:00:00','2025-11-06 21:34:13','2025-11-06 21:36:52','APO-148',NULL),(13,2,'D6QH','F','2025-11-06 00:00:00','2025-11-06 00:00:00','2025-11-06 21:35:21','2025-11-06 21:40:00','DSFGG',NULL),(14,1,'YFPT','F','2025-11-06 00:00:00','2025-11-06 00:00:00','2025-11-06 21:40:23','2025-11-06 21:40:29','ASR-147',NULL),(15,1,'7ME8','F','2025-11-06 00:00:00','2025-11-06 00:00:00','2025-11-06 21:41:54','2025-11-06 21:46:22','ABC-132',NULL),(16,2,'MQLX','F','2025-11-06 00:00:00','2025-11-06 00:00:00','2025-11-06 21:42:18','2025-11-06 21:46:30','ATY-798',NULL),(17,1,'WVCJ','F','2025-11-07 00:00:00','2025-11-07 00:00:00','2025-11-07 00:02:43','2025-11-07 00:03:14','PERU-111',NULL),(18,1,'0G9N','F','2025-11-07 00:00:00','2025-11-07 00:00:00','2025-11-07 00:09:02','2025-11-07 00:09:06','PERU-112',NULL),(19,1,'VN5V','F','2025-11-07 00:00:00','2025-11-07 00:00:00','2025-11-07 00:11:30','2025-11-07 00:15:07','PRU-111',NULL),(20,2,'DC04','F','2025-11-07 00:00:00','2025-11-07 00:00:00','2025-11-07 00:13:39','2025-11-07 00:13:45','EPR-121',NULL),(21,1,'WH29','F','2025-11-07 00:00:00','2025-11-10 00:00:00','2025-11-07 00:15:33','2025-11-10 11:29:11','PRUV-124',NULL),(22,2,'KT65','F','2025-11-07 00:00:00','2025-11-07 00:00:00','2025-11-07 00:15:40','2025-11-07 00:15:44','PRI-123',NULL),(23,2,'LWIL','F','2025-11-07 00:00:00','2025-11-07 00:00:00','2025-11-07 00:17:08','2025-11-07 00:17:19','ABC-123',NULL),(24,2,'BR6I','F','2025-11-07 00:00:00','2025-11-07 00:00:00','2025-11-07 00:22:00','2025-11-07 00:22:08','AET-213',NULL),(25,2,'FL1R','F','2025-11-10 00:00:00','2025-11-10 00:00:00','2025-11-10 11:47:02','2025-11-10 11:48:21','AFE195',NULL),(26,1,'23XG','F','2025-11-10 00:00:00','2025-11-10 00:00:00','2025-11-10 12:00:39','2025-11-10 12:01:20','7W7-737',NULL),(27,1,'IP4S','F','2025-11-10 00:00:00','2025-11-10 00:00:00','2025-11-10 12:03:17','2025-11-10 12:11:23','737737',NULL),(28,1,'Q9P7','F','2025-11-11 00:00:00','2025-11-11 00:00:00','2025-11-11 08:37:57','2025-11-11 09:15:20','733-515',NULL),(29,2,'LE8G','F','2025-11-11 00:00:00','2025-11-11 00:00:00','2025-11-11 08:48:34','2025-11-11 09:08:10','BAK-YAR',NULL),(30,2,'0CR2','F','2025-11-11 00:00:00','2025-11-11 00:00:00','2025-11-11 09:12:24','2025-11-11 09:12:35','111-111',NULL),(31,1,'8N43','F','2025-11-11 00:00:00','2025-11-11 00:00:00','2025-11-11 09:39:50','2025-11-11 09:43:42','123-123',NULL),(32,1,'K4LE','F','2025-11-11 00:00:00','2025-11-11 00:00:00','2025-11-11 09:56:03','2025-11-11 09:56:13','ZZZ-ZZZ',NULL),(33,1,'FHZF','F','2025-11-11 00:00:00','2025-11-11 00:00:00','2025-11-11 09:57:16','2025-11-11 09:57:23','ZAZ-ZAZ',NULL),(34,1,'RNTB','F','2025-11-11 00:00:00','2025-11-11 00:00:00','2025-11-11 09:58:45','2025-11-11 09:58:51','SAS-SAS',NULL),(35,1,'5VA4','F','2025-11-13 00:00:00','2025-11-13 00:00:00','2025-11-13 08:33:36','2025-11-13 08:34:38','121-212',NULL),(36,1,'IQUO','F','2025-11-13 00:00:00','2025-11-13 00:00:00','2025-11-13 08:39:55','2025-11-13 08:40:06','000-000',NULL),(37,1,'MH3B','F','2025-11-13 00:00:00','2025-11-13 00:00:00','2025-11-13 08:41:42','2025-11-13 08:41:53','PPP-PPP',NULL),(38,1,'3K9N','F','2025-11-13 00:00:00','2025-11-13 00:00:00','2025-11-13 09:55:06','2025-11-13 09:55:17','111-000',NULL),(39,1,'S8CS','F','2025-11-13 00:00:00','2025-11-13 00:00:00','2025-11-13 10:09:47','2025-11-13 10:10:05','555-555',NULL),(40,1,'M91C','F','2025-11-13 00:00:00','2025-11-13 00:00:00','2025-11-13 10:11:07','2025-11-13 12:32:35','WWW-WWW',NULL),(41,2,'D69W','F','2025-11-13 00:00:00','2025-11-13 00:00:00','2025-11-13 10:11:35','2025-11-13 10:15:45','122-121',NULL),(42,2,'G2P0','F','2025-11-13 00:00:00','2025-11-13 00:00:00','2025-11-13 10:48:13','2025-11-13 10:48:18','VVV-VVV',NULL),(43,2,'QHQ2','F','2025-11-13 00:00:00','2025-11-13 00:00:00','2025-11-13 10:55:44','2025-11-13 10:56:39','MMM-MMM',NULL),(44,2,'B101','F','2025-11-13 00:00:00','2025-11-13 00:00:00','2025-11-13 11:10:47','2025-11-13 11:10:55','ASA-SSA',NULL),(45,2,'EKM1','F','2025-11-13 00:00:00','2025-11-13 00:00:00','2025-11-13 11:26:27','2025-11-13 11:26:38','NNN-NNN',NULL),(46,2,'YXU4','F','2025-11-13 00:00:00','2025-11-19 00:00:00','2025-11-13 11:37:44','2025-11-19 23:12:53','OOO-OOO',NULL),(47,1,'RW92','F','2025-11-13 00:00:00','2025-11-17 00:00:00','2025-11-13 12:35:29','2025-11-17 11:44:37','VBV-BVB',NULL),(48,5,'26WF','F','2025-11-17 00:00:00','2025-11-18 00:00:00','2025-11-17 11:45:02','2025-11-18 08:19:03','FFF-FFF',NULL),(49,1,'HMSD','F','2025-11-17 00:00:00','2025-11-17 00:00:00','2025-11-17 11:49:54','2025-11-17 11:50:06','REN-ZOS',NULL),(50,1,'5ARE','F','2025-11-17 00:00:00','2025-11-17 00:00:00','2025-11-17 11:58:23','2025-11-17 11:58:55','PER-U12',NULL),(51,1,'U7T2','F','2025-11-18 00:00:00','2025-11-18 00:00:00','2025-11-18 08:02:50','2025-11-18 08:18:27','ZZZ-ZZZ',NULL),(52,1,'7P94','F','2025-11-18 00:00:00','2025-11-18 00:00:00','2025-11-18 08:20:31','2025-11-18 08:20:42','XXW-WXW',NULL),(53,1,'65SN','F','2025-11-18 00:00:00','2025-11-18 00:00:00','2025-11-18 08:36:05','2025-11-18 08:50:22','ZZZ-ZZZ',NULL),(54,3,'0AM6','F','2025-11-18 00:00:00','2025-11-18 00:00:00','2025-11-18 08:50:11','2025-11-18 09:00:07','FEM-BOY',NULL),(55,1,'IH9P','F','2025-11-18 00:00:00','2025-11-18 00:00:00','2025-11-18 08:51:05','2025-11-18 08:55:17','FEM-VOI',NULL),(56,5,'K92Z','F','2025-11-18 00:00:00','2025-11-18 00:00:00','2025-11-18 08:51:34','2025-11-18 09:19:39','NAR-NIA',NULL),(57,1,'663R','F','2025-11-19 00:00:00','2025-11-19 00:00:00','2025-11-19 22:46:28','2025-11-19 23:12:31','PER-U12',NULL),(58,1,'CJ86','F','2025-11-19 00:00:00','2025-11-19 00:00:00','2025-11-19 23:19:18','2025-11-19 23:20:40','WRY-698',NULL),(59,3,'X0LG','F','2025-11-19 00:00:00','2025-11-19 00:00:00','2025-11-19 23:19:38','2025-11-19 23:21:41','PPO-598',NULL),(60,2,'QS3H','F','2025-11-19 00:00:00','2025-11-20 00:00:00','2025-11-19 23:20:32','2025-11-20 11:55:29','ASP-951',NULL),(61,1,'Q200','F','2025-11-19 00:00:00','2025-11-19 00:00:00','2025-11-19 23:23:16','2025-11-19 23:23:32','213-21F',NULL),(62,4,'I4LO','F','2025-11-19 00:00:00','2025-11-19 00:00:00','2025-11-19 23:23:25','2025-11-19 23:26:43','ASD-126',NULL),(63,1,'67BM','F','2025-11-20 00:00:00','2025-11-20 00:00:00','2025-11-20 11:20:29','2025-11-20 11:41:33','777-777',NULL),(64,3,'KHBL','F','2025-11-20 00:00:00','2025-11-25 00:00:00','2025-11-20 11:24:38','2025-11-25 10:56:04','ABC-1GE',NULL),(65,4,'3NP5','F','2025-11-20 00:00:00','2025-11-20 00:00:00','2025-11-20 11:24:47','2025-11-20 11:41:45','ASD-ADA',NULL),(66,5,'NLR5','F','2025-11-20 00:00:00','2025-11-20 00:00:00','2025-11-20 11:34:34','2025-11-20 11:35:24','213-123',NULL),(67,6,'M1WX','F','2025-11-20 00:00:00','2025-11-20 00:00:00','2025-11-20 11:34:52','2025-11-20 11:35:17','ZZZ-CXX',NULL),(68,5,'0ASC','F','2025-11-20 00:00:00','2025-11-20 00:00:00','2025-11-20 11:41:01','2025-11-20 11:41:40','ZZX-CCC',NULL),(69,1,'U3H7','F','2025-11-20 00:00:00','2025-11-25 00:00:00','2025-11-20 11:42:07','2025-11-25 10:50:26','ZZX-XXX',NULL),(70,4,'CJ13','F','2025-11-20 00:00:00','2025-11-20 00:00:00','2025-11-20 11:47:52','2025-11-20 11:50:17','MMN-MNM',NULL),(71,5,'587C','F','2025-11-20 00:00:00','2025-11-20 00:00:00','2025-11-20 11:48:53','2025-11-20 12:03:35','PPP-PPP',NULL),(72,6,'ENKP','F','2025-11-20 00:00:00','2025-11-20 00:00:00','2025-11-20 11:50:51','2025-11-20 11:59:52','HHH-HHH',NULL),(73,4,'GY1B','F','2025-11-20 00:00:00','2025-11-20 00:00:00','2025-11-20 11:53:23','2025-11-20 12:03:54','XZX-ZXZ',NULL),(74,2,'YL6V','F','2025-11-20 00:00:00','2025-11-25 00:00:00','2025-11-20 11:58:30','2025-11-25 10:54:21','AAA-AAA',NULL),(75,8,'EEXD','F','2025-11-20 00:00:00','2025-11-20 00:00:00','2025-11-20 12:07:37','2025-11-20 12:10:34','TTT-TTT',NULL),(76,1,'0G51','F','2025-11-25 00:00:00','2025-11-25 00:00:00','2025-11-25 10:54:51','2025-11-25 10:55:07','NJJ-JJJ',NULL),(77,1,'83PT','F','2025-11-25 00:00:00','2025-11-25 00:00:00','2025-11-25 10:58:52','2025-11-25 11:00:35','98C-DVW',NULL),(78,2,'WBX7','F','2025-11-25 00:00:00','2025-11-25 00:00:00','2025-11-25 10:59:55','2025-11-25 12:10:40','KKK-KKK',NULL),(79,3,'UZJB','F','2025-11-25 00:00:00','2025-11-25 00:00:00','2025-11-25 11:00:02','2025-11-25 12:12:17','IHH-IUU',NULL),(80,4,'G9AW','F','2025-11-25 00:00:00','2025-11-25 00:00:00','2025-11-25 11:00:23','2025-11-25 11:48:35','LLL-LLL',NULL),(81,1,'YAS4','F','2025-11-25 00:00:00','2025-11-25 00:00:00','2025-11-25 11:30:02','2025-11-25 11:30:12','111-11A',NULL),(82,1,'SCTB','F','2025-11-25 00:00:00','2025-11-25 00:00:00','2025-11-25 11:31:55','2025-11-25 11:32:12','ASH-OHJ',NULL),(83,1,'5B8W','F','2025-11-25 00:00:00','2025-11-25 00:00:00','2025-11-25 11:33:50','2025-11-25 11:34:05','AFV-ORO',NULL),(84,1,'CWF7','F','2025-11-25 00:00:00','2025-11-25 00:00:00','2025-11-25 11:35:53','2025-11-25 11:36:10','AVB-NNN',1),(85,1,'03SJ','F','2025-11-25 00:00:00','2025-11-25 00:00:00','2025-11-25 11:40:23','2025-11-25 11:40:29','XVB-NMM',1),(86,1,'805U','F','2025-11-25 00:00:00','2025-11-25 00:00:00','2025-11-25 11:44:00','2025-11-25 11:51:48','ASD-DSA',1),(87,5,'FB7M','F','2025-11-25 00:00:00','2025-11-25 00:00:00','2025-11-25 11:45:34','2025-11-25 12:32:01','ASO-OTO',1),(88,4,'620S','F','2025-11-25 00:00:00','2025-11-25 00:00:00','2025-11-25 11:51:25','2025-11-25 12:13:16','ASD-FVV',1),(89,1,'38N2','F','2025-11-25 00:00:00','2025-11-25 00:00:00','2025-11-25 11:54:26','2025-11-25 11:55:08','ASD-ASD',1),(90,1,'96CF','F','2025-11-25 00:00:00','2025-11-25 00:00:00','2025-11-25 11:58:01','2025-11-25 11:59:35','ASD-SNJ',1),(91,6,'0XUZ','F','2025-11-25 00:00:00','2025-11-25 00:00:00','2025-11-25 11:59:10','2025-11-25 12:36:07','ZCB-UPK',1),(92,1,'TFGU','F','2025-11-25 00:00:00','2025-11-25 00:00:00','2025-11-25 12:01:08','2025-11-25 12:08:38','12F-CBM',1),(93,8,'ZC9O','F','2025-11-25 00:00:00','2025-11-25 00:00:00','2025-11-25 12:04:54','2025-11-25 12:43:09','CVF-VFF',1),(94,9,'TB99','A','2025-11-25 00:00:00',NULL,'2025-11-25 12:06:53',NULL,'ACV-BHN',1),(95,10,'IPLU','F','2025-11-25 00:00:00','2025-11-25 00:00:00','2025-11-25 12:08:27','2025-11-25 12:47:13','CVF-BHH',1),(96,1,'9Y7A','F','2025-11-25 00:00:00','2025-11-25 00:00:00','2025-11-25 12:10:51','2025-11-25 12:12:09','SDV-FVF',1),(97,2,'D57U','F','2025-11-25 00:00:00','2025-11-25 00:00:00','2025-11-25 12:11:58','2025-11-25 12:12:14','XCZ-VVV',1),(98,1,'VRYN','F','2025-11-25 00:00:00','2025-11-25 00:00:00','2025-11-25 12:17:28','2025-11-25 12:20:01','SAD-SAD',1),(99,2,'8KDM','F','2025-11-25 00:00:00','2025-11-25 00:00:00','2025-11-25 12:19:08','2025-11-25 12:21:37','NJU-IKK',1),(100,3,'0SD1','F','2025-11-25 00:00:00','2025-11-25 00:00:00','2025-11-25 12:19:23','2025-11-25 12:21:40','ROI-ERI',1),(101,4,'6LZ0','F','2025-11-25 00:00:00','2025-11-25 00:00:00','2025-11-25 12:19:42','2025-11-25 12:21:44','BOI-JTI',1),(102,1,'CFIU','F','2025-11-25 00:00:00','2025-11-25 00:00:00','2025-11-25 12:21:51','2025-11-25 12:25:01','ASD-GFG',1),(103,2,'UYLS','F','2025-11-25 00:00:00','2025-11-25 00:00:00','2025-11-25 12:23:02','2025-11-25 12:26:03','XCZ-XCV',1),(104,3,'RCNK','F','2025-11-25 00:00:00','2025-11-25 00:00:00','2025-11-25 12:24:18','2025-11-25 12:30:43','XAS-CAS',1),(105,1,'5FKD','F','2025-11-25 00:00:00','2025-11-25 00:00:00','2025-11-25 12:30:30','2025-11-25 12:30:36','ASC-VGG',1),(106,1,'CPKY','F','2025-11-25 00:00:00','2025-11-25 00:00:00','2025-11-25 12:36:15','2025-11-25 12:37:02','ASC-AFD',1),(107,1,'27GC','F','2025-11-25 00:00:00','2025-11-25 00:00:00','2025-11-25 12:40:27','2025-11-25 12:41:13','ASS-DNM',1),(108,1,'2GMH','F','2025-11-25 00:00:00','2025-11-25 00:00:00','2025-11-25 12:42:36','2025-11-25 12:42:42','CSD-BHG',1),(109,1,'3W8H','F','2025-11-25 00:00:00','2025-12-09 00:00:00','2025-11-25 12:47:02','2025-12-09 23:40:58','PER-UGR',2),(110,2,'Y3D9','A','2025-12-07 00:00:00',NULL,'2025-12-07 20:08:50',NULL,'ASV-123',1),(111,3,'63O4','A','2025-12-09 00:00:00',NULL,'2025-12-09 23:40:52',NULL,'ASC-B65',1),(112,1,'HMBU','F','2025-12-09 00:00:00','2025-12-09 00:00:00','2025-12-09 23:51:55','2025-12-09 23:52:00','ABC-999',1),(113,1,'HWMA','F','2025-12-09 00:00:00','2025-12-09 00:00:00','2025-12-09 23:52:20','2025-12-09 23:52:26','ABR-111',3),(114,1,'A3CL','F','2025-12-10 00:00:00','2025-12-10 00:00:00','2025-12-10 00:01:37','2025-12-10 00:01:42','AVR-TTT',1);
/*!40000 ALTER TABLE `alquiler` ENABLE KEYS */;
UNLOCK TABLES;

--
-- Table structure for table `bitacora`
--

DROP TABLE IF EXISTS `bitacora`;
/*!40101 SET @saved_cs_client     = @@character_set_client */;
/*!50503 SET character_set_client = utf8mb4 */;
CREATE TABLE `bitacora` (
  `id_log` int NOT NULL AUTO_INCREMENT,
  `id_usuario` int NOT NULL,
  `id_pago` int DEFAULT NULL,
  `fecha_hora` datetime DEFAULT CURRENT_TIMESTAMP,
  PRIMARY KEY (`id_log`),
  KEY `fk_bitacora_usuario` (`id_usuario`),
  KEY `fk_bitacora_pago` (`id_pago`),
  CONSTRAINT `fk_bitacora_pago` FOREIGN KEY (`id_pago`) REFERENCES `pagos` (`id_pago`) ON DELETE SET NULL ON UPDATE CASCADE,
  CONSTRAINT `fk_bitacora_usuario` FOREIGN KEY (`id_usuario`) REFERENCES `usuarios` (`id_usuario`) ON DELETE CASCADE ON UPDATE CASCADE
) ENGINE=InnoDB AUTO_INCREMENT=6 DEFAULT CHARSET=utf8mb4 COLLATE=utf8mb4_0900_ai_ci;
/*!40101 SET character_set_client = @saved_cs_client */;

--
-- Dumping data for table `bitacora`
--

LOCK TABLES `bitacora` WRITE;
/*!40000 ALTER TABLE `bitacora` DISABLE KEYS */;
INSERT INTO `bitacora` VALUES (1,1,1,'2025-10-29 02:26:13'),(2,1,NULL,'2025-11-07 03:47:06'),(3,1,NULL,'2025-11-07 03:48:07'),(4,1,NULL,'2025-11-07 03:52:11'),(5,1,NULL,'2025-11-07 04:01:21');
/*!40000 ALTER TABLE `bitacora` ENABLE KEYS */;
UNLOCK TABLES;

--
-- Table structure for table `espacios`
--

DROP TABLE IF EXISTS `espacios`;
/*!40101 SET @saved_cs_client     = @@character_set_client */;
/*!50503 SET character_set_client = utf8mb4 */;
CREATE TABLE `espacios` (
  `id_espacio` int NOT NULL AUTO_INCREMENT,
  `estado` char(1) DEFAULT NULL,
  `codigo` varchar(10) DEFAULT NULL,
  PRIMARY KEY (`id_espacio`)
) ENGINE=InnoDB AUTO_INCREMENT=11 DEFAULT CHARSET=utf8mb4 COLLATE=utf8mb4_0900_ai_ci;
/*!40101 SET character_set_client = @saved_cs_client */;

--
-- Dumping data for table `espacios`
--

LOCK TABLES `espacios` WRITE;
/*!40000 ALTER TABLE `espacios` DISABLE KEYS */;
INSERT INTO `espacios` VALUES (1,'A','A3CL'),(2,'O','Y3D9'),(3,'O','63O4'),(4,'A','6LZ0'),(5,'A','FB7M'),(6,'A','0XUZ'),(7,'R','F1F1'),(8,'A','ZC9O'),(9,'O','TB99'),(10,'A','IPLU');
/*!40000 ALTER TABLE `espacios` ENABLE KEYS */;
UNLOCK TABLES;

--
-- Table structure for table `pagos`
--

DROP TABLE IF EXISTS `pagos`;
/*!40101 SET @saved_cs_client     = @@character_set_client */;
/*!50503 SET character_set_client = utf8mb4 */;
CREATE TABLE `pagos` (
  `id_pago` int NOT NULL AUTO_INCREMENT,
  `id_alquiler` int NOT NULL,
  `duracion` double NOT NULL,
  `importe` decimal(8,2) NOT NULL,
  `fecha_pago` datetime DEFAULT CURRENT_TIMESTAMP,
  PRIMARY KEY (`id_pago`),
  KEY `fk_pago_alquiler` (`id_alquiler`),
  CONSTRAINT `fk_pago_alquiler` FOREIGN KEY (`id_alquiler`) REFERENCES `alquiler` (`id_alquiler`) ON DELETE CASCADE ON UPDATE CASCADE
) ENGINE=InnoDB AUTO_INCREMENT=112 DEFAULT CHARSET=utf8mb4 COLLATE=utf8mb4_0900_ai_ci;
/*!40101 SET character_set_client = @saved_cs_client */;

--
-- Dumping data for table `pagos`
--

LOCK TABLES `pagos` WRITE;
/*!40000 ALTER TABLE `pagos` DISABLE KEYS */;
INSERT INTO `pagos` VALUES (1,1,1,5.00,'2025-10-29 02:26:12'),(2,2,0,0.00,'2025-10-29 13:01:34'),(3,3,0,0.00,'2025-10-29 18:39:36'),(4,4,0,0.00,'2025-10-29 18:45:23'),(5,5,0,0.00,'2025-10-29 18:47:46'),(6,6,0,0.00,'2025-10-29 18:53:04'),(7,7,0,0.00,'2025-10-29 18:54:19'),(8,8,0,0.00,'2025-10-29 18:59:01'),(9,9,0,0.00,'2025-10-29 19:08:37'),(10,10,0,0.00,'2025-10-29 19:09:21'),(11,11,0,0.00,'2025-11-05 23:12:06'),(12,12,0,0.00,'2025-11-06 21:36:52'),(13,13,0,0.00,'2025-11-06 21:40:00'),(14,14,0,0.00,'2025-11-06 21:40:29'),(15,15,0,0.00,'2025-11-06 21:46:22'),(16,16,0,0.00,'2025-11-06 21:46:30'),(17,17,0,0.00,'2025-11-07 00:03:14'),(18,18,0,0.00,'2025-11-07 00:09:06'),(19,20,0,0.00,'2025-11-07 00:13:45'),(20,19,0,0.00,'2025-11-07 00:15:07'),(21,22,0,0.00,'2025-11-07 00:15:44'),(22,23,0,0.00,'2025-11-07 00:17:19'),(23,24,0,0.00,'2025-11-07 00:22:08'),(24,21,72,216.00,'2025-11-10 11:29:11'),(25,25,0,0.00,'2025-11-10 11:48:21'),(26,26,0,0.00,'2025-11-10 12:01:20'),(27,27,0,0.00,'2025-11-10 12:11:23'),(28,29,0,0.00,'2025-11-11 09:08:10'),(29,30,0,0.00,'2025-11-11 09:12:35'),(30,28,0,0.00,'2025-11-11 09:15:20'),(31,31,0,0.00,'2025-11-11 09:43:42'),(32,32,0,0.00,'2025-11-11 09:56:13'),(33,33,0,0.00,'2025-11-11 09:57:23'),(34,34,0,0.00,'2025-11-11 09:58:51'),(35,35,1,3.00,'2025-11-13 08:34:38'),(36,36,1,3.00,'2025-11-13 08:40:06'),(37,37,1,3.00,'2025-11-13 08:41:53'),(38,38,1,3.00,'2025-11-13 09:55:17'),(39,39,60,3.00,'2025-11-13 10:10:05'),(40,41,60,3.00,'2025-11-13 10:15:45'),(41,42,60,3.00,'2025-11-13 10:48:18'),(42,43,60,3.00,'2025-11-13 10:56:39'),(43,44,60,3.00,'2025-11-13 11:10:55'),(44,45,60,3.00,'2025-11-13 11:26:38'),(45,40,60,3.00,'2025-11-13 12:32:35'),(46,47,5760,288.00,'2025-11-17 11:44:37'),(47,49,60,3.00,'2025-11-17 11:50:06'),(48,50,60,3.00,'2025-11-17 11:58:55'),(49,51,60,3.00,'2025-11-18 08:18:27'),(50,48,1440,72.00,'2025-11-18 08:19:03'),(51,52,60,3.00,'2025-11-18 08:20:42'),(52,53,60,3.00,'2025-11-18 08:50:22'),(53,55,60,3.00,'2025-11-18 08:55:17'),(54,54,60,3.00,'2025-11-18 09:00:07'),(55,56,60,3.00,'2025-11-18 09:19:39'),(56,57,60,3.00,'2025-11-19 23:12:31'),(57,46,8640,432.00,'2025-11-19 23:12:53'),(58,58,60,3.00,'2025-11-19 23:20:40'),(59,59,60,3.00,'2025-11-19 23:21:41'),(60,61,60,3.00,'2025-11-19 23:23:32'),(61,62,60,3.00,'2025-11-19 23:26:43'),(62,67,60,3.00,'2025-11-20 11:35:17'),(63,66,60,3.00,'2025-11-20 11:35:24'),(64,63,60,3.00,'2025-11-20 11:41:33'),(65,68,60,3.00,'2025-11-20 11:41:40'),(66,65,60,3.00,'2025-11-20 11:41:45'),(67,70,60,3.00,'2025-11-20 11:50:17'),(68,60,1440,72.00,'2025-11-20 11:55:29'),(69,72,60,3.00,'2025-11-20 11:59:52'),(70,71,60,3.00,'2025-11-20 12:03:35'),(71,73,60,3.00,'2025-11-20 12:03:54'),(72,75,60,3.00,'2025-11-20 12:10:34'),(73,69,7200,360.00,'2025-11-25 10:50:26'),(74,74,7200,360.00,'2025-11-25 10:54:21'),(75,76,60,3.00,'2025-11-25 10:55:07'),(76,64,7200,360.00,'2025-11-25 10:56:04'),(77,77,60,3.00,'2025-11-25 11:00:35'),(78,81,60,3.00,'2025-11-25 11:30:12'),(79,82,60,3.00,'2025-11-25 11:32:12'),(80,83,60,3.00,'2025-11-25 11:34:05'),(81,84,60,3.00,'2025-11-25 11:36:10'),(82,85,60,3.00,'2025-11-25 11:40:29'),(83,80,60,3.00,'2025-11-25 11:48:35'),(84,86,60,3.00,'2025-11-25 11:51:48'),(85,89,60,3.00,'2025-11-25 11:55:08'),(86,90,60,3.00,'2025-11-25 11:59:35'),(87,92,60,3.00,'2025-11-25 12:08:38'),(88,78,60,3.00,'2025-11-25 12:10:40'),(89,96,60,3.00,'2025-11-25 12:12:09'),(90,97,60,3.00,'2025-11-25 12:12:14'),(91,79,60,3.00,'2025-11-25 12:12:17'),(92,88,60,3.00,'2025-11-25 12:13:16'),(93,98,60,3.00,'2025-11-25 12:20:01'),(94,99,60,3.00,'2025-11-25 12:21:37'),(95,100,60,3.00,'2025-11-25 12:21:40'),(96,101,60,3.00,'2025-11-25 12:21:44'),(97,102,60,3.00,'2025-11-25 12:25:01'),(98,103,60,3.00,'2025-11-25 12:26:03'),(99,105,60,3.00,'2025-11-25 12:30:36'),(100,104,60,3.00,'2025-11-25 12:30:43'),(101,87,60,3.00,'2025-11-25 12:32:01'),(102,91,60,3.00,'2025-11-25 12:36:07'),(103,106,60,3.00,'2025-11-25 12:37:02'),(104,107,60,3.00,'2025-11-25 12:41:13'),(105,108,60,3.00,'2025-11-25 12:42:42'),(106,93,60,3.00,'2025-11-25 12:43:09'),(107,95,60,3.00,'2025-11-25 12:47:13'),(108,109,20160,1008.00,'2025-12-09 23:40:58'),(109,112,60,3.00,'2025-12-09 23:52:00'),(110,113,60,3.00,'2025-12-09 23:52:26'),(111,114,60,3.00,'2025-12-10 00:01:42');
/*!40000 ALTER TABLE `pagos` ENABLE KEYS */;
UNLOCK TABLES;

--
-- Table structure for table `usuarios`
--

DROP TABLE IF EXISTS `usuarios`;
/*!40101 SET @saved_cs_client     = @@character_set_client */;
/*!50503 SET character_set_client = utf8mb4 */;
CREATE TABLE `usuarios` (
  `id_usuario` int NOT NULL AUTO_INCREMENT,
  `nombres` varchar(100) NOT NULL,
  `apellidos` varchar(100) NOT NULL,
  `usuario` varchar(100) NOT NULL,
  `clave` varchar(255) NOT NULL,
  `cargo` char(1) NOT NULL,
  `estado` char(1) DEFAULT NULL,
  `fecha_registro` datetime DEFAULT CURRENT_TIMESTAMP,
  PRIMARY KEY (`id_usuario`),
  UNIQUE KEY `usuario` (`usuario`)
) ENGINE=InnoDB AUTO_INCREMENT=4 DEFAULT CHARSET=utf8mb4 COLLATE=utf8mb4_0900_ai_ci;
/*!40101 SET character_set_client = @saved_cs_client */;

--
-- Dumping data for table `usuarios`
--

LOCK TABLES `usuarios` WRITE;
/*!40000 ALTER TABLE `usuarios` DISABLE KEYS */;
INSERT INTO `usuarios` VALUES (1,'Renzo Danilo','Flores Pilco','renzo','renzo123','B','A','2025-10-27 00:00:00'),(2,'Juan Carlos','Hernandez','juan','juan123','A','A','2025-11-19 00:00:00'),(3,'Rosa Angulo','Palma Lopez','rosa','resa123','B','A','2025-11-19 23:11:15');
/*!40000 ALTER TABLE `usuarios` ENABLE KEYS */;
UNLOCK TABLES;
/*!40103 SET TIME_ZONE=@OLD_TIME_ZONE */;

/*!40101 SET SQL_MODE=@OLD_SQL_MODE */;
/*!40014 SET FOREIGN_KEY_CHECKS=@OLD_FOREIGN_KEY_CHECKS */;
/*!40014 SET UNIQUE_CHECKS=@OLD_UNIQUE_CHECKS */;
/*!40101 SET CHARACTER_SET_CLIENT=@OLD_CHARACTER_SET_CLIENT */;
/*!40101 SET CHARACTER_SET_RESULTS=@OLD_CHARACTER_SET_RESULTS */;
/*!40101 SET COLLATION_CONNECTION=@OLD_COLLATION_CONNECTION */;
/*!40111 SET SQL_NOTES=@OLD_SQL_NOTES */;

-- Dump completed on 2025-12-10  0:16:23
